-- phpMyAdmin SQL Dump
-- version 5.2.0
-- https://www.phpmyadmin.net/
--
-- Host: 127.0.0.1
-- Generation Time: Sep 04, 2023 at 04:09 PM
-- Server version: 10.4.25-MariaDB
-- PHP Version: 8.1.10

SET SQL_MODE = "NO_AUTO_VALUE_ON_ZERO";
START TRANSACTION;
SET time_zone = "+00:00";


/*!40101 SET @OLD_CHARACTER_SET_CLIENT=@@CHARACTER_SET_CLIENT */;
/*!40101 SET @OLD_CHARACTER_SET_RESULTS=@@CHARACTER_SET_RESULTS */;
/*!40101 SET @OLD_COLLATION_CONNECTION=@@COLLATION_CONNECTION */;
/*!40101 SET NAMES utf8mb4 */;

--
-- Database: `cardb39`
--
CREATE DATABASE IF NOT EXISTS `cardb39` DEFAULT CHARACTER SET utf8mb4 COLLATE utf8mb4_general_ci;
USE `cardb39`;

-- --------------------------------------------------------

--
-- Table structure for table `customer`
--

CREATE TABLE `customer` (
  `username` varchar(255) NOT NULL,
  `password` varchar(18) NOT NULL,
  `name` varchar(255) NOT NULL,
  `email` varchar(50) NOT NULL,
  `contactNumber` varchar(11) NOT NULL
) ENGINE=InnoDB DEFAULT CHARSET=latin1;

--
-- Dumping data for table `customer`
--

INSERT INTO `customer` (`username`, `password`, `name`, `email`, `contactNumber`) VALUES
('yaya', '1234', 'allea', 'yayaysriiy@gmail.com', '0123402506'),
('sofia', '0804', 'irdina sofia', 'irdinasofia@gmail.com', '0175710871'),
('zulaikha', '1501', 'NURZULAIKHA BINTI MOHD ISA', 'nrzulykha1501@gmail.com', '0192230159');
--
-- Database: `eliterent`
--
CREATE DATABASE IF NOT EXISTS `eliterent` DEFAULT CHARACTER SET utf8mb4 COLLATE utf8mb4_general_ci;
USE `eliterent`;

-- --------------------------------------------------------

--
-- Table structure for table `booking`
--

CREATE TABLE `booking` (
  `ID` int(11) NOT NULL,
  `IC_No` varchar(14) NOT NULL,
  `Plat_No` varchar(8) NOT NULL,
  `Book_Date` date NOT NULL,
  `Return_Date` date NOT NULL
) ENGINE=InnoDB DEFAULT CHARSET=utf8mb4;

--
-- Dumping data for table `booking`
--

INSERT INTO `booking` (`ID`, `IC_No`, `Plat_No`, `Book_Date`, `Return_Date`) VALUES
(3, '030908-14-0706', 'VA100', '0000-00-00', '0000-00-00'),
(6, '031219100340', 'VA701', '2023-04-28', '2023-05-01'),
(7, '031103-14-0084', 'VA901', '2023-05-03', '2023-05-10'),
(8, '031219100340', 'VA100	', '2023-04-29', '2023-04-30'),
(9, '031219100340', 'VA601', '2023-04-20', '2023-04-21');

-- --------------------------------------------------------

--
-- Table structure for table `car`
--

CREATE TABLE `car` (
  `Plat_No` varchar(8) NOT NULL,
  `Model` varchar(50) NOT NULL,
  `Price` float NOT NULL,
  `Quantity` int(11) NOT NULL,
  `Picture` blob NOT NULL
) ENGINE=InnoDB DEFAULT CHARSET=utf8mb4;

--
-- Dumping data for table `car`
--

INSERT INTO `car` (`Plat_No`, `Model`, `Price`, `Quantity`, `Picture`) VALUES
('VA100	', 'Perodua Myvi', 65, 1, 0x696d616765732f5065726f6475612d4d7976692d312e77656270),
('VA201', 'Alza', 65, 1, 0x696d616765732f696d616765732e6a7067),
('VA301', 'Toyota Yaris', 65, 1, 0x696d616765732f323032315f546f796f74615f59617269735f475f4d616c61797369615f4578742d322e77656270),
('VA401', 'Proton Saga', 65, 1, 0x696d616765732f323031392d50726f746f6e2d536167612d666163656c6966742d5072656d69756d2d41542d312e77656270),
('VA501', 'Perodua Axia', 65, 1, 0x696d616765732f4e65772d417869612d42656175747953686f742d30322e6a7067),
('VA601', 'Proton Iriz', 65, 1, 0x696d616765732f70726f746f6e2d6972697a2d717561727465722d6261636b5f3136343933305f32303139303230333138343534352e6a7067),
('VA701', 'Innova', 75, 1, 0x696d616765732f696e6e6f76612e6a7067),
('VA801', 'Perodua Aruz', 75, 1, 0x696d616765732f30382d4172757a2e6a706567),
('VA901', 'Toyota Avanza', 75, 1, 0x696d616765732f4176616e7a612d4d41494e322e77656270);

-- --------------------------------------------------------

--
-- Table structure for table `customer`
--

CREATE TABLE `customer` (
  `IC_No` varchar(14) NOT NULL,
  `Cust_Name` varchar(255) NOT NULL,
  `Password` varchar(255) NOT NULL,
  `Address` varchar(255) NOT NULL,
  `Role` int(2) NOT NULL
) ENGINE=InnoDB DEFAULT CHARSET=utf8mb4;

--
-- Dumping data for table `customer`
--

INSERT INTO `customer` (`IC_No`, `Cust_Name`, `Password`, `Address`, `Role`) VALUES
('030115100288', 'zulaikha', '5cbdfd0dfa22a3fca7266376887f549b', 'Petaling Jaya', 1),
('030908-14-0706', 'Pat Yoon Xin', '81dc9bdb52d04dc20036dbd8313ed055', 'Bandar Mahkota Cheras', 2),
('031103-14-0084', 'sofia', 'e274648aed611371cf5c30a30bbe1d65', 'rantau panjang', 2),
('031219100340', 'allea', '4409eae53c2e26a65cfc24b3a2359eb9', 'semenyih', 2),
('1234', 'Test', '81dc9bdb52d04dc20036dbd8313ed055', 'Bandar Mahkota Cheras', 1),
('12345', 'hazim', '4a7d1ed414474e4033ac29ccb8653d9b', 'Taman Raja', 2);

--
-- Indexes for dumped tables
--

--
-- Indexes for table `booking`
--
ALTER TABLE `booking`
  ADD PRIMARY KEY (`ID`);

--
-- Indexes for table `car`
--
ALTER TABLE `car`
  ADD PRIMARY KEY (`Plat_No`);

--
-- Indexes for table `customer`
--
ALTER TABLE `customer`
  ADD PRIMARY KEY (`IC_No`);

--
-- AUTO_INCREMENT for dumped tables
--

--
-- AUTO_INCREMENT for table `booking`
--
ALTER TABLE `booking`
  MODIFY `ID` int(11) NOT NULL AUTO_INCREMENT, AUTO_INCREMENT=10;
--
-- Database: `eliterentcar`
--
CREATE DATABASE IF NOT EXISTS `eliterentcar` DEFAULT CHARACTER SET utf8mb4 COLLATE utf8mb4_general_ci;
USE `eliterentcar`;

-- --------------------------------------------------------

--
-- Table structure for table `booking`
--

CREATE TABLE `booking` (
  `ID` int(40) NOT NULL,
  `IC_No` varchar(14) NOT NULL,
  `Plat_No` varchar(8) NOT NULL,
  `Book_Date` date NOT NULL,
  `Return_Date` date NOT NULL
) ENGINE=InnoDB DEFAULT CHARSET=latin1;

--
-- Dumping data for table `booking`
--

INSERT INTO `booking` (`ID`, `IC_No`, `Plat_No`, `Book_Date`, `Return_Date`) VALUES
(18, '030908-14-0706', 'VA100', '2023-04-25', '2023-04-26'),
(19, '030908-14-0706', 'VV100', '2023-04-26', '2023-04-27');

-- --------------------------------------------------------

--
-- Table structure for table `car`
--

CREATE TABLE `car` (
  `Plat_No` varchar(8) NOT NULL,
  `Model` varchar(50) NOT NULL,
  `Price` float NOT NULL,
  `Quantity` int(2) NOT NULL
) ENGINE=InnoDB DEFAULT CHARSET=latin1;

--
-- Dumping data for table `car`
--

INSERT INTO `car` (`Plat_No`, `Model`, `Price`, `Quantity`) VALUES
('VA100', 'Axia', 100, 1),
('VB100', 'Alza', 65, 1),
('VC100', 'Honda', 150, 2),
('VD100', 'Axia', 45, 1),
('VV100', 'BMW', 200, 1);

-- --------------------------------------------------------

--
-- Table structure for table `customer`
--

CREATE TABLE `customer` (
  `IC_No` varchar(14) NOT NULL,
  `Cust_Name` varchar(255) NOT NULL,
  `Password` varchar(255) NOT NULL,
  `Address` varchar(255) NOT NULL,
  `Role` int(2) NOT NULL
) ENGINE=InnoDB DEFAULT CHARSET=latin1;

--
-- Dumping data for table `customer`
--

INSERT INTO `customer` (`IC_No`, `Cust_Name`, `Password`, `Address`, `Role`) VALUES
('030115100288', 'Nurzulaikha', '7e56f1b04034c2ee0104f44efa7c96f4', 'Petaling Jaya', 1),
('030303-03-0303', 'user', '087c8abfaee44ebbf0c2871976a2ab18', 'Kuala Lumpur', 2),
('030908-14-0706', 'Pat Yoon Xin', 'e2fc714c4727ee9395f324cd2e7f331f', 'Bandar Mahkota Cheras', 2),
('1234', 'Test', '81dc9bdb52d04dc20036dbd8313ed055', 'ABCD', 2);

--
-- Indexes for dumped tables
--

--
-- Indexes for table `booking`
--
ALTER TABLE `booking`
  ADD PRIMARY KEY (`ID`),
  ADD KEY `booking_ibfk_1` (`IC_No`),
  ADD KEY `booking_ibfk_2` (`Plat_No`);

--
-- Indexes for table `car`
--
ALTER TABLE `car`
  ADD PRIMARY KEY (`Plat_No`);

--
-- Indexes for table `customer`
--
ALTER TABLE `customer`
  ADD PRIMARY KEY (`IC_No`);

--
-- AUTO_INCREMENT for dumped tables
--

--
-- AUTO_INCREMENT for table `booking`
--
ALTER TABLE `booking`
  MODIFY `ID` int(40) NOT NULL AUTO_INCREMENT, AUTO_INCREMENT=20;

--
-- Constraints for dumped tables
--

--
-- Constraints for table `booking`
--
ALTER TABLE `booking`
  ADD CONSTRAINT `booking_ibfk_1` FOREIGN KEY (`IC_No`) REFERENCES `customer` (`IC_No`),
  ADD CONSTRAINT `booking_ibfk_2` FOREIGN KEY (`Plat_No`) REFERENCES `car` (`Plat_No`);
--
-- Database: `opd`
--
CREATE DATABASE IF NOT EXISTS `opd` DEFAULT CHARACTER SET utf8mb4 COLLATE utf8mb4_general_ci;
USE `opd`;

-- --------------------------------------------------------

--
-- Table structure for table `categories`
--

CREATE TABLE `categories` (
  `categorieId` int(12) NOT NULL,
  `categorieName` varchar(255) NOT NULL,
  `categorieDesc` text NOT NULL,
  `categorieCreateDate` datetime NOT NULL DEFAULT current_timestamp()
) ENGINE=InnoDB DEFAULT CHARSET=utf8mb4;

--
-- Dumping data for table `categories`
--

INSERT INTO `categories` (`categorieId`, `categorieName`, `categorieDesc`, `categorieCreateDate`) VALUES
(1, 'CLASSIC SWEET', 'A delight for veggie lovers! Choose from our wide range of delicious vegetarian pizzas, it\'s softer and tastier', '2021-03-17 18:16:28'),
(2, 'WAFITO', 'Choose your favourite non-veg pizzas from the Domino\'s Pizza menu. Get fresh non-veg pizza with your choice of crusts & toppings', '2021-03-17 18:17:14'),
(3, 'SWEET CORN', 'Indulge into mouth-watering taste of Pizza mania range, perfect answer to all your food cravings', '2021-03-17 18:17:43'),
(4, 'GELATO TEMPO', 'Complement your pizza with wide range of sides available at Domino\'s Pizza India', '2021-03-17 18:19:10'),
(5, 'KORNJUZ', 'Complement your pizza with wide range of beverages available at Domino\'s Pizza India', '2021-03-17 21:58:58'),
(6, 'BLENDED SERIES', 'Fresh Pan Pizza Tastiest Pan Pizza. ... Domino\'s freshly made pan-baked pizza; deliciously soft ,buttery,extra cheesy and delightfully crunchy.', '2021-03-18 07:55:28'),
(7, 'COLD DRINKS', 'Domino’s Pizza Introducing all new Burger Pizza with the tag line looks like a burger, tastes like a pizza. Burger Pizza is burger sized but comes in a small pizza box. It is come with pizza toppings such as herbs, vegetables, tomato sauce and mozzarella,', '2021-03-18 08:06:30'),
(8, 'HOT DRINKS', 'CHOICE OF TOPPINGS', '2021-03-18 08:13:47');

-- --------------------------------------------------------

--
-- Table structure for table `contact`
--

CREATE TABLE `contact` (
  `contactId` int(21) NOT NULL,
  `userId` int(21) NOT NULL,
  `email` varchar(35) NOT NULL,
  `phoneNo` bigint(21) NOT NULL,
  `orderId` int(21) NOT NULL DEFAULT 0 COMMENT 'If problem is not related to the order then order id = 0',
  `message` text NOT NULL,
  `time` datetime NOT NULL DEFAULT current_timestamp()
) ENGINE=InnoDB DEFAULT CHARSET=utf8mb4;

-- --------------------------------------------------------

--
-- Table structure for table `contactreply`
--

CREATE TABLE `contactreply` (
  `id` int(21) NOT NULL,
  `contactId` int(21) NOT NULL,
  `userId` int(23) NOT NULL,
  `message` text NOT NULL,
  `datetime` datetime NOT NULL DEFAULT current_timestamp()
) ENGINE=InnoDB DEFAULT CHARSET=utf8mb4;

-- --------------------------------------------------------

--
-- Table structure for table `deliverydetails`
--

CREATE TABLE `deliverydetails` (
  `id` int(21) NOT NULL,
  `orderId` int(21) NOT NULL,
  `deliveryBoyName` varchar(35) NOT NULL,
  `deliveryBoyPhoneNo` bigint(25) NOT NULL,
  `deliveryTime` int(200) NOT NULL COMMENT 'Time in minutes',
  `dateTime` datetime NOT NULL DEFAULT current_timestamp()
) ENGINE=InnoDB DEFAULT CHARSET=utf8mb4;

-- --------------------------------------------------------

--
-- Table structure for table `orderitems`
--

CREATE TABLE `orderitems` (
  `id` int(21) NOT NULL,
  `orderId` int(21) NOT NULL,
  `pizzaId` int(21) NOT NULL,
  `itemQuantity` int(100) NOT NULL
) ENGINE=InnoDB DEFAULT CHARSET=utf8mb4;

-- --------------------------------------------------------

--
-- Table structure for table `orders`
--

CREATE TABLE `orders` (
  `orderId` int(21) NOT NULL,
  `userId` int(21) NOT NULL,
  `address` varchar(255) NOT NULL,
  `zipCode` int(21) NOT NULL,
  `phoneNo` bigint(21) NOT NULL,
  `amount` int(200) NOT NULL,
  `paymentMode` enum('0','1') NOT NULL DEFAULT '0' COMMENT '0=cash on delivery, \r\n1=online ',
  `orderStatus` enum('0','1','2','3','4','5','6') NOT NULL DEFAULT '0' COMMENT '0=Order Placed.\r\n1=Order Confirmed.\r\n2=Preparing your Order.\r\n3=Your order is on the way!\r\n4=Order Delivered.\r\n5=Order Denied.\r\n6=Order Cancelled.',
  `orderDate` datetime NOT NULL DEFAULT current_timestamp()
) ENGINE=InnoDB DEFAULT CHARSET=utf8mb4;

-- --------------------------------------------------------

--
-- Table structure for table `pizza`
--

CREATE TABLE `pizza` (
  `pizzaId` int(12) NOT NULL,
  `pizzaName` varchar(255) NOT NULL,
  `pizzaPrice` int(12) NOT NULL,
  `pizzaDesc` text NOT NULL,
  `pizzaCategorieId` int(12) NOT NULL,
  `pizzaPubDate` datetime NOT NULL DEFAULT current_timestamp()
) ENGINE=InnoDB DEFAULT CHARSET=utf8mb4;

--
-- Dumping data for table `pizza`
--

INSERT INTO `pizza` (`pizzaId`, `pizzaName`, `pizzaPrice`, `pizzaDesc`, `pizzaCategorieId`, `pizzaPubDate`) VALUES
(1, 'Kaya', 99, 'A hugely popular margherita, with a deliciously tangy single cheese topping\r\n\r\n', 1, '2021-03-17 21:03:26'),
(2, 'Peanut', 199, 'The ever-popular Margherita - loaded with extra cheese... oodies of it', 1, '2021-03-17 21:20:58'),
(3, 'Margerine', 149, 'A pizza that goes ballistic on veggies! Check out this mouth watering overload of crunchy, crisp capsicum, succulent mushrooms and fresh tomatoes\r\n\r\n', 1, '2021-03-17 21:22:07'),
(4, 'Chocolate ', 249, 'Chunky paneer with crisp capsicum and spicy red pepper - quite a mouthful!\r\n\r\n', 1, '2021-03-17 21:23:05'),
(5, 'Blueberry', 149, 'A pizza loaded with crunchy onions, crisp capsicum, juicy tomatoes and jalapeno with a liberal sprinkling of exotic Mexican herbs.\r\n\r\n', 1, '2021-03-17 21:23:48'),
(6, 'Strawberry', 319, 'For a vegetarian looking for a BIG treat that goes easy on the spices, this one\'s got it all.. The onions, the capsicum, those delectable mushrooms - with paneer and golden corn to top it all.\r\n\r\n', 1, '2021-03-17 21:24:38'),
(7, 'Veg Extravaganza\r\n', 299, 'A pizza that decidedly staggers under an overload of golden corn, exotic black olives, crunchy onions, crisp capsicum, succulent mushrooms, juicyfresh tomatoes and jalapeno - with extra cheese to go all around.\r\n\r\n', 2, '2021-03-17 21:25:42'),
(8, 'Cheese N Corn\r\n', 199, 'Cheese I Golden Corn', 2, '2021-03-17 21:26:31'),
(9, 'PANEER MAKHANI\r\n', 219, 'Paneer and Capsicum on Makhani Sauce', 2, '2021-03-17 21:27:21'),
(10, 'VEGGIE PARADISE\r\n', 299, 'Goldern Corn, Black Olives, Capsicum & Red Paprika\r\n\r\n', 2, '2021-03-17 21:28:06'),
(11, 'FRESH VEGGIE', 149, 'Onion I Capsicum', 2, '2021-03-17 21:28:49'),
(12, 'Indi Tandoori Paneer\r\n', 349, 'It is hot. It is spicy. It is oh-so-Indian. Tandoori paneer with capsicum I red paprika I mint mayo\r\n\r\n', 2, '2021-03-17 21:29:41'),
(13, 'PEPPER BARBECUE CHICKEN', 199, 'Pepper Barbecue Chicken I Cheese', 2, '2021-03-17 21:34:37'),
(14, 'CHICKEN SAUSAGE', 249, 'Chicken Sausage I Cheese', 2, '2021-03-17 21:35:31'),
(15, 'Chicken Golden Delight\r\n', 249, 'Mmm! Barbeque chicken with a topping of golden corn loaded with extra cheese. Worth its weight in gold!\r\n\r\n', 2, '2021-03-17 21:36:36'),
(16, 'Non Veg Supreme\r\n', 399, 'Bite into supreme delight of Black Olives, Onions, Grilled Mushrooms, Pepper BBQ Chicken, Peri-Peri Chicken, Grilled Chicken Rashers\r\n\r\n', 2, '2021-03-17 21:37:21'),
(17, 'Chicken Dominator', 319, 'Treat your taste buds with Double Pepper Barbecue Chicken, Peri-Peri Chicken, Chicken Tikka & Grilled Chicken Rashers', 2, '2021-03-17 21:38:13'),
(18, 'PEPPER BARBECUE & ONION\r\n', 249, 'Pepper Barbecue Chicken I Onion', 2, '2021-03-17 21:39:49'),
(19, 'CHICKEN FIESTA', 199, 'Grilled Chicken Rashers I Peri-Peri Chicken I Onion I Capsicum', 2, '2021-03-17 21:40:58'),
(20, 'Indi Chicken Tikka', 349, 'The wholesome flavour of tandoori masala with Chicken tikka I onion I red paprika I mint mayo', 2, '2021-03-17 21:41:49'),
(21, 'TOMATO', 99, 'Juicy tomato in a flavourful combination with cheese I tangy sauce', 3, '2021-03-17 21:44:44'),
(22, 'VEG LOADED', 149, 'Tomato | Grilled Mushroom |Jalapeno |Golden Corn | Beans in a fresh pan crust', 3, '2021-03-17 21:45:34'),
(23, 'CHEESY', 99, 'Orange Cheddar Cheese I Mozzarella', 3, '2021-03-17 21:46:21'),
(24, 'CAPSICUM', 99, 'Capsicum', 3, '2021-03-17 21:47:07'),
(25, 'ONION', 99, 'onion', 3, '2021-03-17 21:47:51'),
(26, 'GOLDEN CORN', 139, 'Golden Corn', 3, '2021-03-17 21:48:44'),
(27, 'PANEER & ONION', 149, 'Creamy Paneer | Onion', 3, '2021-03-17 21:49:36'),
(28, 'CHEESE N TOMATO', 149, 'A delectable combination of cheese and juicy tomato', 3, '2021-03-17 21:50:20'),
(29, 'Garlic Breadsticks', 99, 'The endearing tang of garlic in breadstics baked to perfection.', 4, '2021-03-17 22:01:33'),
(30, 'Stuffed Garlic Bread', 99, 'Freshly Baked Garlic Bread stuffed with mozzarella cheese, sweet corns & tangy and spicy jalapeños', 4, '2021-03-17 22:02:50'),
(31, 'Veg Pasta Italiano White', 99, 'Penne Pasta tossed with extra virgin olive oil, exotic herbs & a generous helping of new flavoured sauce.', 4, '2021-03-17 22:03:44'),
(32, 'Non Veg Pasta Italiano White', 99, 'Penne Pasta tossed with extra virgin olive oil, exotic herbs & a generous helping of new flavoured sauce.', 4, '2021-03-17 22:05:08'),
(33, 'Cheese Jalapeno Dip', 35, 'A soft creamy cheese dip spiced with jalapeno.', 4, '2021-03-17 22:06:06'),
(34, 'Cheese Dip', 35, 'A dreamy creamy cheese dip to add that extra tang to your snack.', 4, '2021-03-17 22:06:59'),
(35, 'Lava Cake', 99, 'Filled with delecious molten chocolate inside.', 4, '2021-03-17 22:08:13'),
(36, 'Butterscotch Mousse Cake', 149, 'A Creamy & Chocolaty indulgence with layers of rich, fluffy Butterscotch Cream and delicious Dark Chocolate Cake, topped with crunchy Dark Chocolate morsels - for a perfect dessert treat!', 4, '2021-03-17 22:08:58'),
(37, 'Lipton Ice Tea', 25, ' 250ml', 5, '2021-03-17 22:12:53'),
(38, 'Mirinda', 35, '500ml', 5, '2021-03-17 22:13:38'),
(39, 'PEPSI BLACK CAN', 45, 'PEPSI BLACK CAN', 5, '2021-03-17 22:14:24'),
(40, 'Pepsi\r\n', 52, '500ml', 5, '2021-03-17 22:16:29'),
(41, '7Up', 52, '500ml', 5, '2021-03-17 22:17:08'),
(42, 'Cheese Burst', 249, 'Crust with oodles of yummy liquid cheese filled inside.', 6, '2021-03-18 07:57:27'),
(43, 'Classic Hand Tossed', 249, 'Dominos traditional hand stretched crust, crisp on outside, soft & light inside.', 6, '2021-03-18 07:59:52'),
(44, 'Wheat Thin Crust', 299, 'Presenting the light healthier and delicious light wheat thin crust from Dominos.', 6, '2021-03-18 08:00:39'),
(45, 'Fresh Pan Pizza', 299, 'Tastiest Pan Pizza.Ever.\r\nDomino’s freshly made pan-baked pizza; deliciously soft ,buttery,extra cheesy and delightfully crunchy.', 6, '2021-03-18 08:01:29'),
(46, 'New Hand Tossed', 299, 'Classic Domino\'s crust. Fresh, hand stretched.', 6, '2021-03-18 08:03:17'),
(47, 'BURGER PIZZA- CLASSIC VEG', 129, 'Bite into delight! Witness the epic combination of pizza and burger with our classic Burger Pizza, that looks good and tastes great!', 7, '2021-03-18 08:09:17'),
(48, 'BURGER PIZZA- PREMIUM VEG', 139, 'The good just got better! Treat yourself to the premium taste of the Burger Pizza, that looks good and tastes great with paneer and red paprika.', 7, '2021-03-18 08:09:59'),
(49, 'BURGER PIZZA- CLASSIC NON VEG', 149, 'For all the meat cravers, try the classic non-veg Burger Pizza loaded with the goodness of burger and the greatness of pizza.', 7, '2021-03-18 08:10:37'),
(50, 'Extra Cheese', 35, 'Extra Cheese', 8, '2021-03-18 08:14:52'),
(51, 'veg toppings', 55, 'Black Olives, Crisp Capsicum, Paneer, Mushroom, Golden Corn, Fresh Tomato, Jalapeno, Red Pepper & Babycorn.', 8, '2021-03-18 08:15:36'),
(52, 'Non Veg Toppings', 55, 'Barbeque Chicken, Hot \'n\' Spicy Chicken,Chunky Chicken and Chicken Salami.', 8, '2021-03-18 08:16:29'),
(53, 'Packaged Drinking Water', 20, 'Drinking Water	', 5, '2021-03-18 08:20:40');

-- --------------------------------------------------------

--
-- Table structure for table `sitedetail`
--

CREATE TABLE `sitedetail` (
  `tempId` int(11) NOT NULL,
  `systemName` varchar(21) NOT NULL,
  `email` varchar(35) NOT NULL,
  `contact1` bigint(21) NOT NULL,
  `contact2` bigint(21) DEFAULT NULL COMMENT 'Optional',
  `address` text NOT NULL,
  `dateTime` datetime NOT NULL DEFAULT current_timestamp()
) ENGINE=InnoDB DEFAULT CHARSET=utf8mb4;

--
-- Dumping data for table `sitedetail`
--

INSERT INTO `sitedetail` (`tempId`, `systemName`, `email`, `contact1`, `contact2`, `address`, `dateTime`) VALUES
(1, 'Pizza World', 'darshanparmar263@gmail.com', 2515469442, 6304468851, '601 Sherwood Ave.<br> San Bernandino', '2021-03-23 19:56:25');

-- --------------------------------------------------------

--
-- Table structure for table `users`
--

CREATE TABLE `users` (
  `id` int(21) NOT NULL,
  `username` varchar(21) NOT NULL,
  `firstName` varchar(21) NOT NULL,
  `lastName` varchar(21) NOT NULL,
  `email` varchar(35) NOT NULL,
  `phone` bigint(20) NOT NULL,
  `userType` enum('0','1') NOT NULL DEFAULT '0' COMMENT '0=user\r\n1=admin',
  `password` varchar(255) NOT NULL,
  `joinDate` datetime NOT NULL DEFAULT current_timestamp()
) ENGINE=InnoDB DEFAULT CHARSET=utf8mb4;

--
-- Dumping data for table `users`
--

INSERT INTO `users` (`id`, `username`, `firstName`, `lastName`, `email`, `phone`, `userType`, `password`, `joinDate`) VALUES
(1, 'admin', 'admin', 'admin', 'admin@gmail.com', 1111111111, '1', '$2y$10$AAfxRFOYbl7FdN17rN3fgeiPu/xQrx6MnvRGzqjVHlGqHAM4d9T1i', '2021-04-11 11:40:58'),
(2, 'yayayusrii', 'RAJA NUR ALLEA DEWI M', 'RAJA MOHD YUSRI', 'rajanurallea@gmail.com', 123402506, '0', '$2y$10$ixThCLiH1oNada3h5Ab3NuLA0N6il.AQiEsImGWRdZgIpQufO86ci', '2023-09-03 21:39:40');

-- --------------------------------------------------------

--
-- Table structure for table `viewcart`
--

CREATE TABLE `viewcart` (
  `cartItemId` int(11) NOT NULL,
  `pizzaId` int(11) NOT NULL,
  `itemQuantity` int(100) NOT NULL,
  `userId` int(11) NOT NULL,
  `addedDate` datetime NOT NULL DEFAULT current_timestamp()
) ENGINE=InnoDB DEFAULT CHARSET=utf8mb4;

--
-- Indexes for dumped tables
--

--
-- Indexes for table `categories`
--
ALTER TABLE `categories`
  ADD PRIMARY KEY (`categorieId`);
ALTER TABLE `categories` ADD FULLTEXT KEY `categorieName` (`categorieName`,`categorieDesc`);

--
-- Indexes for table `contact`
--
ALTER TABLE `contact`
  ADD PRIMARY KEY (`contactId`);

--
-- Indexes for table `contactreply`
--
ALTER TABLE `contactreply`
  ADD PRIMARY KEY (`id`);

--
-- Indexes for table `deliverydetails`
--
ALTER TABLE `deliverydetails`
  ADD PRIMARY KEY (`id`),
  ADD UNIQUE KEY `orderId` (`orderId`);

--
-- Indexes for table `orderitems`
--
ALTER TABLE `orderitems`
  ADD PRIMARY KEY (`id`);

--
-- Indexes for table `orders`
--
ALTER TABLE `orders`
  ADD PRIMARY KEY (`orderId`);

--
-- Indexes for table `pizza`
--
ALTER TABLE `pizza`
  ADD PRIMARY KEY (`pizzaId`);
ALTER TABLE `pizza` ADD FULLTEXT KEY `pizzaName` (`pizzaName`,`pizzaDesc`);

--
-- Indexes for table `sitedetail`
--
ALTER TABLE `sitedetail`
  ADD PRIMARY KEY (`tempId`);

--
-- Indexes for table `users`
--
ALTER TABLE `users`
  ADD PRIMARY KEY (`id`) USING BTREE,
  ADD UNIQUE KEY `username` (`username`);

--
-- Indexes for table `viewcart`
--
ALTER TABLE `viewcart`
  ADD PRIMARY KEY (`cartItemId`);

--
-- AUTO_INCREMENT for dumped tables
--

--
-- AUTO_INCREMENT for table `categories`
--
ALTER TABLE `categories`
  MODIFY `categorieId` int(12) NOT NULL AUTO_INCREMENT, AUTO_INCREMENT=22;

--
-- AUTO_INCREMENT for table `contact`
--
ALTER TABLE `contact`
  MODIFY `contactId` int(21) NOT NULL AUTO_INCREMENT;

--
-- AUTO_INCREMENT for table `contactreply`
--
ALTER TABLE `contactreply`
  MODIFY `id` int(21) NOT NULL AUTO_INCREMENT;

--
-- AUTO_INCREMENT for table `deliverydetails`
--
ALTER TABLE `deliverydetails`
  MODIFY `id` int(21) NOT NULL AUTO_INCREMENT;

--
-- AUTO_INCREMENT for table `orderitems`
--
ALTER TABLE `orderitems`
  MODIFY `id` int(21) NOT NULL AUTO_INCREMENT;

--
-- AUTO_INCREMENT for table `orders`
--
ALTER TABLE `orders`
  MODIFY `orderId` int(21) NOT NULL AUTO_INCREMENT;

--
-- AUTO_INCREMENT for table `pizza`
--
ALTER TABLE `pizza`
  MODIFY `pizzaId` int(12) NOT NULL AUTO_INCREMENT, AUTO_INCREMENT=69;

--
-- AUTO_INCREMENT for table `sitedetail`
--
ALTER TABLE `sitedetail`
  MODIFY `tempId` int(11) NOT NULL AUTO_INCREMENT, AUTO_INCREMENT=3;

--
-- AUTO_INCREMENT for table `users`
--
ALTER TABLE `users`
  MODIFY `id` int(21) NOT NULL AUTO_INCREMENT, AUTO_INCREMENT=3;

--
-- AUTO_INCREMENT for table `viewcart`
--
ALTER TABLE `viewcart`
  MODIFY `cartItemId` int(11) NOT NULL AUTO_INCREMENT;
--
-- Database: `phpmyadmin`
--
CREATE DATABASE IF NOT EXISTS `phpmyadmin` DEFAULT CHARACTER SET utf8 COLLATE utf8_bin;
USE `phpmyadmin`;

-- --------------------------------------------------------

--
-- Table structure for table `pma__bookmark`
--

CREATE TABLE `pma__bookmark` (
  `id` int(10) UNSIGNED NOT NULL,
  `dbase` varchar(255) COLLATE utf8_bin NOT NULL DEFAULT '',
  `user` varchar(255) COLLATE utf8_bin NOT NULL DEFAULT '',
  `label` varchar(255) CHARACTER SET utf8 NOT NULL DEFAULT '',
  `query` text COLLATE utf8_bin NOT NULL
) ENGINE=InnoDB DEFAULT CHARSET=utf8 COLLATE=utf8_bin COMMENT='Bookmarks';

-- --------------------------------------------------------

--
-- Table structure for table `pma__central_columns`
--

CREATE TABLE `pma__central_columns` (
  `db_name` varchar(64) COLLATE utf8_bin NOT NULL,
  `col_name` varchar(64) COLLATE utf8_bin NOT NULL,
  `col_type` varchar(64) COLLATE utf8_bin NOT NULL,
  `col_length` text COLLATE utf8_bin DEFAULT NULL,
  `col_collation` varchar(64) COLLATE utf8_bin NOT NULL,
  `col_isNull` tinyint(1) NOT NULL,
  `col_extra` varchar(255) COLLATE utf8_bin DEFAULT '',
  `col_default` text COLLATE utf8_bin DEFAULT NULL
) ENGINE=InnoDB DEFAULT CHARSET=utf8 COLLATE=utf8_bin COMMENT='Central list of columns';

-- --------------------------------------------------------

--
-- Table structure for table `pma__column_info`
--

CREATE TABLE `pma__column_info` (
  `id` int(5) UNSIGNED NOT NULL,
  `db_name` varchar(64) COLLATE utf8_bin NOT NULL DEFAULT '',
  `table_name` varchar(64) COLLATE utf8_bin NOT NULL DEFAULT '',
  `column_name` varchar(64) COLLATE utf8_bin NOT NULL DEFAULT '',
  `comment` varchar(255) CHARACTER SET utf8 NOT NULL DEFAULT '',
  `mimetype` varchar(255) CHARACTER SET utf8 NOT NULL DEFAULT '',
  `transformation` varchar(255) COLLATE utf8_bin NOT NULL DEFAULT '',
  `transformation_options` varchar(255) COLLATE utf8_bin NOT NULL DEFAULT '',
  `input_transformation` varchar(255) COLLATE utf8_bin NOT NULL DEFAULT '',
  `input_transformation_options` varchar(255) COLLATE utf8_bin NOT NULL DEFAULT ''
) ENGINE=InnoDB DEFAULT CHARSET=utf8 COLLATE=utf8_bin COMMENT='Column information for phpMyAdmin';

-- --------------------------------------------------------

--
-- Table structure for table `pma__designer_settings`
--

CREATE TABLE `pma__designer_settings` (
  `username` varchar(64) COLLATE utf8_bin NOT NULL,
  `settings_data` text COLLATE utf8_bin NOT NULL
) ENGINE=InnoDB DEFAULT CHARSET=utf8 COLLATE=utf8_bin COMMENT='Settings related to Designer';

-- --------------------------------------------------------

--
-- Table structure for table `pma__export_templates`
--

CREATE TABLE `pma__export_templates` (
  `id` int(5) UNSIGNED NOT NULL,
  `username` varchar(64) COLLATE utf8_bin NOT NULL,
  `export_type` varchar(10) COLLATE utf8_bin NOT NULL,
  `template_name` varchar(64) COLLATE utf8_bin NOT NULL,
  `template_data` text COLLATE utf8_bin NOT NULL
) ENGINE=InnoDB DEFAULT CHARSET=utf8 COLLATE=utf8_bin COMMENT='Saved export templates';

-- --------------------------------------------------------

--
-- Table structure for table `pma__favorite`
--

CREATE TABLE `pma__favorite` (
  `username` varchar(64) COLLATE utf8_bin NOT NULL,
  `tables` text COLLATE utf8_bin NOT NULL
) ENGINE=InnoDB DEFAULT CHARSET=utf8 COLLATE=utf8_bin COMMENT='Favorite tables';

-- --------------------------------------------------------

--
-- Table structure for table `pma__history`
--

CREATE TABLE `pma__history` (
  `id` bigint(20) UNSIGNED NOT NULL,
  `username` varchar(64) COLLATE utf8_bin NOT NULL DEFAULT '',
  `db` varchar(64) COLLATE utf8_bin NOT NULL DEFAULT '',
  `table` varchar(64) COLLATE utf8_bin NOT NULL DEFAULT '',
  `timevalue` timestamp NOT NULL DEFAULT current_timestamp(),
  `sqlquery` text COLLATE utf8_bin NOT NULL
) ENGINE=InnoDB DEFAULT CHARSET=utf8 COLLATE=utf8_bin COMMENT='SQL history for phpMyAdmin';

-- --------------------------------------------------------

--
-- Table structure for table `pma__navigationhiding`
--

CREATE TABLE `pma__navigationhiding` (
  `username` varchar(64) COLLATE utf8_bin NOT NULL,
  `item_name` varchar(64) COLLATE utf8_bin NOT NULL,
  `item_type` varchar(64) COLLATE utf8_bin NOT NULL,
  `db_name` varchar(64) COLLATE utf8_bin NOT NULL,
  `table_name` varchar(64) COLLATE utf8_bin NOT NULL
) ENGINE=InnoDB DEFAULT CHARSET=utf8 COLLATE=utf8_bin COMMENT='Hidden items of navigation tree';

-- --------------------------------------------------------

--
-- Table structure for table `pma__pdf_pages`
--

CREATE TABLE `pma__pdf_pages` (
  `db_name` varchar(64) COLLATE utf8_bin NOT NULL DEFAULT '',
  `page_nr` int(10) UNSIGNED NOT NULL,
  `page_descr` varchar(50) CHARACTER SET utf8 NOT NULL DEFAULT ''
) ENGINE=InnoDB DEFAULT CHARSET=utf8 COLLATE=utf8_bin COMMENT='PDF relation pages for phpMyAdmin';

-- --------------------------------------------------------

--
-- Table structure for table `pma__recent`
--

CREATE TABLE `pma__recent` (
  `username` varchar(64) COLLATE utf8_bin NOT NULL,
  `tables` text COLLATE utf8_bin NOT NULL
) ENGINE=InnoDB DEFAULT CHARSET=utf8 COLLATE=utf8_bin COMMENT='Recently accessed tables';

--
-- Dumping data for table `pma__recent`
--

INSERT INTO `pma__recent` (`username`, `tables`) VALUES
('root', '[{\"db\":\"opd\",\"table\":\"pizza\"},{\"db\":\"opd\",\"table\":\"categories\"},{\"db\":\"eliterent\",\"table\":\"customer\"},{\"db\":\"eliterent\",\"table\":\"car\"},{\"db\":\"eliterent\",\"table\":\"booking\"},{\"db\":\"cardb39\",\"table\":\"customer\"},{\"db\":\"eliterentcar\",\"table\":\"customer\"},{\"db\":\"eliterentcar\",\"table\":\"booking\"},{\"db\":\"staffdb\",\"table\":\"staff\"},{\"db\":\"property\",\"table\":\"propertyforrent\"}]');

-- --------------------------------------------------------

--
-- Table structure for table `pma__relation`
--

CREATE TABLE `pma__relation` (
  `master_db` varchar(64) COLLATE utf8_bin NOT NULL DEFAULT '',
  `master_table` varchar(64) COLLATE utf8_bin NOT NULL DEFAULT '',
  `master_field` varchar(64) COLLATE utf8_bin NOT NULL DEFAULT '',
  `foreign_db` varchar(64) COLLATE utf8_bin NOT NULL DEFAULT '',
  `foreign_table` varchar(64) COLLATE utf8_bin NOT NULL DEFAULT '',
  `foreign_field` varchar(64) COLLATE utf8_bin NOT NULL DEFAULT ''
) ENGINE=InnoDB DEFAULT CHARSET=utf8 COLLATE=utf8_bin COMMENT='Relation table';

-- --------------------------------------------------------

--
-- Table structure for table `pma__savedsearches`
--

CREATE TABLE `pma__savedsearches` (
  `id` int(5) UNSIGNED NOT NULL,
  `username` varchar(64) COLLATE utf8_bin NOT NULL DEFAULT '',
  `db_name` varchar(64) COLLATE utf8_bin NOT NULL DEFAULT '',
  `search_name` varchar(64) COLLATE utf8_bin NOT NULL DEFAULT '',
  `search_data` text COLLATE utf8_bin NOT NULL
) ENGINE=InnoDB DEFAULT CHARSET=utf8 COLLATE=utf8_bin COMMENT='Saved searches';

-- --------------------------------------------------------

--
-- Table structure for table `pma__table_coords`
--

CREATE TABLE `pma__table_coords` (
  `db_name` varchar(64) COLLATE utf8_bin NOT NULL DEFAULT '',
  `table_name` varchar(64) COLLATE utf8_bin NOT NULL DEFAULT '',
  `pdf_page_number` int(11) NOT NULL DEFAULT 0,
  `x` float UNSIGNED NOT NULL DEFAULT 0,
  `y` float UNSIGNED NOT NULL DEFAULT 0
) ENGINE=InnoDB DEFAULT CHARSET=utf8 COLLATE=utf8_bin COMMENT='Table coordinates for phpMyAdmin PDF output';

-- --------------------------------------------------------

--
-- Table structure for table `pma__table_info`
--

CREATE TABLE `pma__table_info` (
  `db_name` varchar(64) COLLATE utf8_bin NOT NULL DEFAULT '',
  `table_name` varchar(64) COLLATE utf8_bin NOT NULL DEFAULT '',
  `display_field` varchar(64) COLLATE utf8_bin NOT NULL DEFAULT ''
) ENGINE=InnoDB DEFAULT CHARSET=utf8 COLLATE=utf8_bin COMMENT='Table information for phpMyAdmin';

-- --------------------------------------------------------

--
-- Table structure for table `pma__table_uiprefs`
--

CREATE TABLE `pma__table_uiprefs` (
  `username` varchar(64) COLLATE utf8_bin NOT NULL,
  `db_name` varchar(64) COLLATE utf8_bin NOT NULL,
  `table_name` varchar(64) COLLATE utf8_bin NOT NULL,
  `prefs` text COLLATE utf8_bin NOT NULL,
  `last_update` timestamp NOT NULL DEFAULT current_timestamp() ON UPDATE current_timestamp()
) ENGINE=InnoDB DEFAULT CHARSET=utf8 COLLATE=utf8_bin COMMENT='Tables'' UI preferences';

-- --------------------------------------------------------

--
-- Table structure for table `pma__tracking`
--

CREATE TABLE `pma__tracking` (
  `db_name` varchar(64) COLLATE utf8_bin NOT NULL,
  `table_name` varchar(64) COLLATE utf8_bin NOT NULL,
  `version` int(10) UNSIGNED NOT NULL,
  `date_created` datetime NOT NULL,
  `date_updated` datetime NOT NULL,
  `schema_snapshot` text COLLATE utf8_bin NOT NULL,
  `schema_sql` text COLLATE utf8_bin DEFAULT NULL,
  `data_sql` longtext COLLATE utf8_bin DEFAULT NULL,
  `tracking` set('UPDATE','REPLACE','INSERT','DELETE','TRUNCATE','CREATE DATABASE','ALTER DATABASE','DROP DATABASE','CREATE TABLE','ALTER TABLE','RENAME TABLE','DROP TABLE','CREATE INDEX','DROP INDEX','CREATE VIEW','ALTER VIEW','DROP VIEW') COLLATE utf8_bin DEFAULT NULL,
  `tracking_active` int(1) UNSIGNED NOT NULL DEFAULT 1
) ENGINE=InnoDB DEFAULT CHARSET=utf8 COLLATE=utf8_bin COMMENT='Database changes tracking for phpMyAdmin';

-- --------------------------------------------------------

--
-- Table structure for table `pma__userconfig`
--

CREATE TABLE `pma__userconfig` (
  `username` varchar(64) COLLATE utf8_bin NOT NULL,
  `timevalue` timestamp NOT NULL DEFAULT current_timestamp() ON UPDATE current_timestamp(),
  `config_data` text COLLATE utf8_bin NOT NULL
) ENGINE=InnoDB DEFAULT CHARSET=utf8 COLLATE=utf8_bin COMMENT='User preferences storage for phpMyAdmin';

--
-- Dumping data for table `pma__userconfig`
--

INSERT INTO `pma__userconfig` (`username`, `timevalue`, `config_data`) VALUES
('root', '2023-09-04 13:36:27', '{\"Console\\/Mode\":\"show\",\"Console\\/Height\":135.996,\"NavigationWidth\":198}');

-- --------------------------------------------------------

--
-- Table structure for table `pma__usergroups`
--

CREATE TABLE `pma__usergroups` (
  `usergroup` varchar(64) COLLATE utf8_bin NOT NULL,
  `tab` varchar(64) COLLATE utf8_bin NOT NULL,
  `allowed` enum('Y','N') COLLATE utf8_bin NOT NULL DEFAULT 'N'
) ENGINE=InnoDB DEFAULT CHARSET=utf8 COLLATE=utf8_bin COMMENT='User groups with configured menu items';

-- --------------------------------------------------------

--
-- Table structure for table `pma__users`
--

CREATE TABLE `pma__users` (
  `username` varchar(64) COLLATE utf8_bin NOT NULL,
  `usergroup` varchar(64) COLLATE utf8_bin NOT NULL
) ENGINE=InnoDB DEFAULT CHARSET=utf8 COLLATE=utf8_bin COMMENT='Users and their assignments to user groups';

--
-- Indexes for dumped tables
--

--
-- Indexes for table `pma__bookmark`
--
ALTER TABLE `pma__bookmark`
  ADD PRIMARY KEY (`id`);

--
-- Indexes for table `pma__central_columns`
--
ALTER TABLE `pma__central_columns`
  ADD PRIMARY KEY (`db_name`,`col_name`);

--
-- Indexes for table `pma__column_info`
--
ALTER TABLE `pma__column_info`
  ADD PRIMARY KEY (`id`),
  ADD UNIQUE KEY `db_name` (`db_name`,`table_name`,`column_name`);

--
-- Indexes for table `pma__designer_settings`
--
ALTER TABLE `pma__designer_settings`
  ADD PRIMARY KEY (`username`);

--
-- Indexes for table `pma__export_templates`
--
ALTER TABLE `pma__export_templates`
  ADD PRIMARY KEY (`id`),
  ADD UNIQUE KEY `u_user_type_template` (`username`,`export_type`,`template_name`);

--
-- Indexes for table `pma__favorite`
--
ALTER TABLE `pma__favorite`
  ADD PRIMARY KEY (`username`);

--
-- Indexes for table `pma__history`
--
ALTER TABLE `pma__history`
  ADD PRIMARY KEY (`id`),
  ADD KEY `username` (`username`,`db`,`table`,`timevalue`);

--
-- Indexes for table `pma__navigationhiding`
--
ALTER TABLE `pma__navigationhiding`
  ADD PRIMARY KEY (`username`,`item_name`,`item_type`,`db_name`,`table_name`);

--
-- Indexes for table `pma__pdf_pages`
--
ALTER TABLE `pma__pdf_pages`
  ADD PRIMARY KEY (`page_nr`),
  ADD KEY `db_name` (`db_name`);

--
-- Indexes for table `pma__recent`
--
ALTER TABLE `pma__recent`
  ADD PRIMARY KEY (`username`);

--
-- Indexes for table `pma__relation`
--
ALTER TABLE `pma__relation`
  ADD PRIMARY KEY (`master_db`,`master_table`,`master_field`),
  ADD KEY `foreign_field` (`foreign_db`,`foreign_table`);

--
-- Indexes for table `pma__savedsearches`
--
ALTER TABLE `pma__savedsearches`
  ADD PRIMARY KEY (`id`),
  ADD UNIQUE KEY `u_savedsearches_username_dbname` (`username`,`db_name`,`search_name`);

--
-- Indexes for table `pma__table_coords`
--
ALTER TABLE `pma__table_coords`
  ADD PRIMARY KEY (`db_name`,`table_name`,`pdf_page_number`);

--
-- Indexes for table `pma__table_info`
--
ALTER TABLE `pma__table_info`
  ADD PRIMARY KEY (`db_name`,`table_name`);

--
-- Indexes for table `pma__table_uiprefs`
--
ALTER TABLE `pma__table_uiprefs`
  ADD PRIMARY KEY (`username`,`db_name`,`table_name`);

--
-- Indexes for table `pma__tracking`
--
ALTER TABLE `pma__tracking`
  ADD PRIMARY KEY (`db_name`,`table_name`,`version`);

--
-- Indexes for table `pma__userconfig`
--
ALTER TABLE `pma__userconfig`
  ADD PRIMARY KEY (`username`);

--
-- Indexes for table `pma__usergroups`
--
ALTER TABLE `pma__usergroups`
  ADD PRIMARY KEY (`usergroup`,`tab`,`allowed`);

--
-- Indexes for table `pma__users`
--
ALTER TABLE `pma__users`
  ADD PRIMARY KEY (`username`,`usergroup`);

--
-- AUTO_INCREMENT for dumped tables
--

--
-- AUTO_INCREMENT for table `pma__bookmark`
--
ALTER TABLE `pma__bookmark`
  MODIFY `id` int(10) UNSIGNED NOT NULL AUTO_INCREMENT;

--
-- AUTO_INCREMENT for table `pma__column_info`
--
ALTER TABLE `pma__column_info`
  MODIFY `id` int(5) UNSIGNED NOT NULL AUTO_INCREMENT;

--
-- AUTO_INCREMENT for table `pma__export_templates`
--
ALTER TABLE `pma__export_templates`
  MODIFY `id` int(5) UNSIGNED NOT NULL AUTO_INCREMENT;

--
-- AUTO_INCREMENT for table `pma__history`
--
ALTER TABLE `pma__history`
  MODIFY `id` bigint(20) UNSIGNED NOT NULL AUTO_INCREMENT;

--
-- AUTO_INCREMENT for table `pma__pdf_pages`
--
ALTER TABLE `pma__pdf_pages`
  MODIFY `page_nr` int(10) UNSIGNED NOT NULL AUTO_INCREMENT;

--
-- AUTO_INCREMENT for table `pma__savedsearches`
--
ALTER TABLE `pma__savedsearches`
  MODIFY `id` int(5) UNSIGNED NOT NULL AUTO_INCREMENT;
--
-- Database: `property`
--
CREATE DATABASE IF NOT EXISTS `property` DEFAULT CHARACTER SET utf8mb4 COLLATE utf8mb4_general_ci;
USE `property`;

-- --------------------------------------------------------

--
-- Table structure for table `propertyforrent`
--

CREATE TABLE `propertyforrent` (
  `propertyNo` varchar(32) NOT NULL,
  `Street` varchar(256) NOT NULL,
  `city` varchar(256) NOT NULL,
  `postcode` varchar(32) NOT NULL,
  `type` varchar(32) NOT NULL,
  `rooms` int(11) NOT NULL,
  `rent` int(11) NOT NULL,
  `ownerNo` varchar(32) NOT NULL
) ENGINE=InnoDB DEFAULT CHARSET=utf8mb4;

--
-- Dumping data for table `propertyforrent`
--

INSERT INTO `propertyforrent` (`propertyNo`, `Street`, `city`, `postcode`, `type`, `rooms`, `rent`, `ownerNo`) VALUES
('PA14', '16 Holdhead Rd', 'Aberdeen', 'AB7 5SU', 'House', 6, 650, 'CO46');

--
-- Indexes for dumped tables
--

--
-- Indexes for table `propertyforrent`
--
ALTER TABLE `propertyforrent`
  ADD PRIMARY KEY (`propertyNo`);
--
-- Database: `rentcar`
--
CREATE DATABASE IF NOT EXISTS `rentcar` DEFAULT CHARACTER SET utf8mb4 COLLATE utf8mb4_general_ci;
USE `rentcar`;
--
-- Database: `staffdb`
--
CREATE DATABASE IF NOT EXISTS `staffdb` DEFAULT CHARACTER SET utf8mb4 COLLATE utf8mb4_general_ci;
USE `staffdb`;

-- --------------------------------------------------------

--
-- Table structure for table `staff`
--

CREATE TABLE `staff` (
  `staffID` varchar(20) NOT NULL,
  `name` text NOT NULL,
  `gender` text NOT NULL,
  `icNo` varchar(20) NOT NULL
) ENGINE=InnoDB DEFAULT CHARSET=utf8mb4;

--
-- Indexes for dumped tables
--

--
-- Indexes for table `staff`
--
ALTER TABLE `staff`
  ADD PRIMARY KEY (`staffID`);
--
-- Database: `test`
--
CREATE DATABASE IF NOT EXISTS `test` DEFAULT CHARACTER SET latin1 COLLATE latin1_swedish_ci;
USE `test`;
COMMIT;

/*!40101 SET CHARACTER_SET_CLIENT=@OLD_CHARACTER_SET_CLIENT */;
/*!40101 SET CHARACTER_SET_RESULTS=@OLD_CHARACTER_SET_RESULTS */;
/*!40101 SET COLLATION_CONNECTION=@OLD_COLLATION_CONNECTION */;
